XLabel,Wavenumber
YLabel,Absorbance
FileType,Absorbance
DisplayDirection,20300
PeakDirection,20310
650.431154,0.847598
651.363004,0.842135
652.294854,0.836907
653.226704,0.830946
654.158554,0.823899
655.090403,0.817879
656.022253,0.812974
656.954103,0.805534
657.885953,0.798165
658.817803,0.791683
659.749652,0.787013
660.681502,0.779952
661.613352,0.772513
662.545202,0.764554
663.477051,0.758408
664.408901,0.750865
665.340751,0.743892
666.272601,0.734119
667.204451,0.733863
668.136300,0.741182
669.068150,0.708905
670.000000,0.700334
670.931850,0.698040
671.863700,0.692710
672.795549,0.684922
673.727399,0.677226
674.659249,0.670488
675.591099,0.664023
676.522949,0.658316
677.454798,0.651661
678.386648,0.644507
679.318498,0.637300
680.250348,0.630768
681.182197,0.622949
682.114047,0.615401
683.045897,0.608092
683.977747,0.601998
684.909597,0.596662
685.841446,0.591540
686.773296,0.585723
687.705146,0.580025
688.636996,0.575339
689.568846,0.570223
690.500695,0.563812
691.432545,0.556900
692.364395,0.551179
693.296245,0.546372
694.228095,0.541750
695.159944,0.536134
696.091794,0.531717
697.023644,0.527633
697.955494,0.523389
698.887344,0.518733
699.819193,0.513851
700.751043,0.509240
701.682893,0.504885
702.614743,0.500257
703.546592,0.496420
704.478442,0.493075
705.410292,0.490396
706.342142,0.487078
707.273992,0.482643
708.205841,0.478851
709.137691,0.475880
710.069541,0.472757
711.001391,0.469034
711.933241,0.465208
712.865090,0.462116
713.796940,0.460096
714.728790,0.457514
715.660640,0.453886
716.592490,0.451148
717.524339,0.449171
718.456189,0.446413
719.388039,0.443707
720.319889,0.441825
721.251739,0.439032
722.183588,0.436315
723.115438,0.434478
724.047288,0.432374
724.979138,0.430469
725.910987,0.427586
726.842837,0.425105
727.774687,0.422533
728.706537,0.420018
729.638387,0.417768
730.570236,0.415888
731.502086,0.413550
732.433936,0.411414
733.365786,0.409190
734.297636,0.407077
735.229485,0.405077
736.161335,0.402412
737.093185,0.399755
738.025035,0.397645
738.956885,0.395645
739.888734,0.393765
740.820584,0.391894
741.752434,0.389812
742.684284,0.387562
743.616134,0.384418
744.547983,0.381300
745.479833,0.378955
746.411683,0.376243
747.343533,0.373728
748.275382,0.370960
749.207232,0.368072
750.139082,0.365903
751.070932,0.363627
752.002782,0.360259
752.934631,0.356750
753.866481,0.353278
754.798331,0.349963
755.730181,0.346195
756.662031,0.342267
757.593880,0.339153
758.525730,0.336120
759.457580,0.332664
760.389430,0.329768
761.321280,0.326644
762.253129,0.322962
763.184979,0.319511
764.116829,0.316219
765.048679,0.312966
765.980529,0.309581
766.912378,0.306779
767.844228,0.304682
768.776078,0.301827
769.707928,0.298640
770.639777,0.296417
771.571627,0.294588
772.503477,0.291874
773.435327,0.289292
774.367177,0.287535
775.299026,0.286289
776.230876,0.284854
777.162726,0.283978
778.094576,0.283955
779.026426,0.284146
779.958275,0.284576
780.890125,0.286119
781.821975,0.289002
782.753825,0.293551
783.685675,0.299570
784.617524,0.305750
785.549374,0.311989
786.481224,0.319829
787.413074,0.330984
788.344924,0.345208
789.276773,0.361513
790.208623,0.378992
791.140473,0.395682
792.072323,0.407834
793.004172,0.413258
793.936022,0.412932
794.867872,0.408529
795.799722,0.401273
796.731572,0.392418
797.663421,0.382673
798.595271,0.373116
799.527121,0.363888
800.458971,0.354484
801.390821,0.345378
802.322670,0.337046
803.254520,0.329574
804.186370,0.322451
805.118220,0.315631
806.050070,0.309310
806.981919,0.303967
807.913769,0.299390
808.845619,0.295168
809.777469,0.290666
810.709318,0.286222
811.641168,0.282531
812.573018,0.279250
813.504868,0.275531
814.436718,0.272031
815.368567,0.269232
816.300417,0.266701
817.232267,0.264093
818.164117,0.261205
819.095967,0.258577
820.027816,0.256892
820.959666,0.255113
821.891516,0.252947
822.823366,0.250959
823.755216,0.249167
824.687065,0.247235
825.618915,0.244974
826.550765,0.242765
827.482615,0.241046
828.414465,0.239487
829.346314,0.237849
830.278164,0.236090
831.210014,0.234590
832.141864,0.233758
833.073713,0.232813
834.005563,0.231174
834.937413,0.229691
835.869263,0.228263
836.801113,0.227467
837.732962,0.226885
838.664812,0.225916
839.596662,0.225482
840.528512,0.225664
841.460362,0.225062
842.392211,0.223928
843.324061,0.222995
844.255911,0.222413
845.187761,0.221619
846.119611,0.220675
847.051460,0.220146
847.983310,0.220385
848.915160,0.220370
849.847010,0.219624
850.778860,0.219164
851.710709,0.219149
852.642559,0.219204
853.574409,0.219508
854.506259,0.219378
855.438108,0.219335
856.369958,0.219220
857.301808,0.219019
858.233658,0.219078
859.165508,0.218733
860.097357,0.218294
861.029207,0.218131
861.961057,0.217874
862.892907,0.217462
863.824757,0.217333
864.756606,0.217771
865.688456,0.217806
866.620306,0.217158
867.552156,0.216873
868.484006,0.217219
869.415855,0.217106
870.347705,0.216699
871.279555,0.216517
872.211405,0.216786
873.143255,0.217173
874.075104,0.217624
875.006954,0.217759
875.938804,0.217451
876.870654,0.217361
877.802503,0.217720
878.734353,0.217875
879.666203,0.217863
880.598053,0.218068
881.529903,0.218613
882.461752,0.218943
883.393602,0.219465
884.325452,0.220349
885.257302,0.221165
886.189152,0.221705
887.121001,0.221980
888.052851,0.222381
888.984701,0.223693
889.916551,0.225141
890.848401,0.226819
891.780250,0.228837
892.712100,0.231133
893.643950,0.233609
894.575800,0.236062
895.507650,0.238266
896.439499,0.240260
897.371349,0.242124
898.303199,0.243410
899.235049,0.244079
900.166898,0.244211
901.098748,0.244089
902.030598,0.244009
902.962448,0.243547
903.894298,0.242270
904.826147,0.240552
905.757997,0.239026
906.689847,0.237540
907.621697,0.235684
908.553547,0.234266
909.485396,0.233843
910.417246,0.233684
911.349096,0.233328
912.280946,0.232898
913.212796,0.232685
914.144645,0.233277
915.076495,0.233943
916.008345,0.233863
916.940195,0.234099
917.872045,0.234715
918.803894,0.235421
919.735744,0.236346
920.667594,0.237288
921.599444,0.238237
922.531293,0.239123
923.463143,0.239818
924.394993,0.240825
925.326843,0.241778
926.258693,0.242365
927.190542,0.243357
928.122392,0.244398
929.054242,0.245218
929.986092,0.246458
930.917942,0.247889
931.849791,0.248979
932.781641,0.249797
933.713491,0.250864
934.645341,0.251963
935.577191,0.252982
936.509040,0.253959
937.440890,0.255247
938.372740,0.256946
939.304590,0.258463
940.236439,0.259679
941.168289,0.260933
942.100139,0.262275
943.031989,0.263688
943.963839,0.264861
944.895688,0.266009
945.827538,0.267655
946.759388,0.269440
947.691238,0.271158
948.623088,0.272536
949.554937,0.274058
950.486787,0.275945
951.418637,0.278011
952.350487,0.280199
953.282337,0.282158
954.214186,0.284313
955.146036,0.286799
956.077886,0.289022
957.009736,0.291171
957.941586,0.293457
958.873435,0.295782
959.805285,0.298734
960.737135,0.301886
961.668985,0.304771
962.600834,0.307748
963.532684,0.311203
964.464534,0.314821
965.396384,0.317949
966.328234,0.320491
967.260083,0.322762
968.191933,0.324042
969.123783,0.323947
970.055633,0.323006
970.987483,0.321959
971.919332,0.321157
972.851182,0.320568
973.783032,0.320139
974.714882,0.320215
975.646732,0.320706
976.578581,0.320894
977.510431,0.320749
978.442281,0.321108
979.374131,0.321795
980.305981,0.322703
981.237830,0.323331
982.169680,0.324121
983.101530,0.325441
984.033380,0.327113
984.965229,0.328655
985.897079,0.330196
986.828929,0.331704
987.760779,0.333145
988.692629,0.334598
989.624478,0.336048
990.556328,0.337264
991.488178,0.338978
992.420028,0.341106
993.351878,0.343016
994.283727,0.344861
995.215577,0.346821
996.147427,0.348941
997.079277,0.351585
998.011127,0.353981
998.942976,0.356482
999.874826,0.359281
1000.806676,0.362016
1001.738526,0.364480
1002.670376,0.366917
1003.602225,0.370377
1004.534075,0.374763
1005.465925,0.379743
1006.397775,0.386378
1007.329624,0.395713
1008.261474,0.407876
1009.193324,0.423464
1010.125174,0.443236
1011.057024,0.466488
1011.988873,0.489999
1012.920723,0.508166
1013.852573,0.515404
1014.784423,0.510317
1015.716273,0.497552
1016.648122,0.483436
1017.579972,0.471699
1018.511822,0.462469
1019.443672,0.454861
1020.375522,0.449282
1021.307371,0.445542
1022.239221,0.443385
1023.171071,0.442932
1024.102921,0.443784
1025.034771,0.446012
1025.966620,0.449577
1026.898470,0.453854
1027.830320,0.458855
1028.762170,0.464827
1029.694019,0.471494
1030.625869,0.478795
1031.557719,0.487106
1032.489569,0.495968
1033.421419,0.504895
1034.353268,0.514086
1035.285118,0.522528
1036.216968,0.529427
1037.148818,0.534547
1038.080668,0.536879
1039.012517,0.535602
1039.944367,0.530530
1040.876217,0.522695
1041.808067,0.513541
1042.739917,0.503628
1043.671766,0.493676
1044.603616,0.484449
1045.535466,0.476768
1046.467316,0.469867
1047.399166,0.463659
1048.331015,0.458756
1049.262865,0.454792
1050.194715,0.451577
1051.126565,0.448558
1052.058414,0.445924
1052.990264,0.443916
1053.922114,0.442018
1054.853964,0.440185
1055.785814,0.438958
1056.717663,0.438064
1057.649513,0.437438
1058.581363,0.437121
1059.513213,0.437341
1060.445063,0.437845
1061.376912,0.438432
1062.308762,0.439423
1063.240612,0.440800
1064.172462,0.442460
1065.104312,0.444005
1066.036161,0.445380
1066.968011,0.446698
1067.899861,0.447153
1068.831711,0.446493
1069.763561,0.446357
1070.695410,0.446731
1071.627260,0.446598
1072.559110,0.446391
1073.490960,0.446511
1074.422809,0.446777
1075.354659,0.447010
1076.286509,0.447143
1077.218359,0.447548
1078.150209,0.448267
1079.082058,0.449159
1080.013908,0.450371
1080.945758,0.451314
1081.877608,0.452142
1082.809458,0.453172
1083.741307,0.453723
1084.673157,0.454010
1085.605007,0.453523
1086.536857,0.452287
1087.468707,0.450915
1088.400556,0.449118
1089.332406,0.447269
1090.264256,0.445634
1091.196106,0.444379
1092.127955,0.443516
1093.059805,0.442909
1093.991655,0.442753
1094.923505,0.443024
1095.855355,0.443304
1096.787204,0.443289
1097.719054,0.443783
1098.650904,0.444856
1099.582754,0.446020
1100.514604,0.447446
1101.446453,0.448645
1102.378303,0.449717
1103.310153,0.451204
1104.242003,0.452750
1105.173853,0.454359
1106.105702,0.456196
1107.037552,0.458173
1107.969402,0.460345
1108.901252,0.462415
1109.833102,0.464535
1110.764951,0.466939
1111.696801,0.469550
1112.628651,0.472166
1113.560501,0.474855
1114.492350,0.477980
1115.424200,0.481491
1116.356050,0.484868
1117.287900,0.487978
1118.219750,0.491585
1119.151599,0.495350
1120.083449,0.499148
1121.015299,0.503125
1121.947149,0.507123
1122.878999,0.511313
1123.810848,0.515667
1124.742698,0.519965
1125.674548,0.524787
1126.606398,0.529562
1127.538248,0.534298
1128.470097,0.539657
1129.401947,0.544802
1130.333797,0.549959
1131.265647,0.555610
1132.197497,0.561473
1133.129346,0.567431
1134.061196,0.573532
1134.993046,0.579871
1135.924896,0.586353
1136.856745,0.592522
1137.788595,0.598504
1138.720445,0.604725
1139.652295,0.611029
1140.584145,0.617391
1141.515994,0.623794
1142.447844,0.630087
1143.379694,0.636528
1144.311544,0.643210
1145.243394,0.649820
1146.175243,0.655658
1147.107093,0.661771
1148.038943,0.668214
1148.970793,0.673856
1149.902643,0.679238
1150.834492,0.684556
1151.766342,0.689728
1152.698192,0.694675
1153.630042,0.698607
1154.561892,0.702355
1155.493741,0.706333
1156.425591,0.710054
1157.357441,0.712947
1158.289291,0.715117
1159.221140,0.716899
1160.152990,0.718772
1161.084840,0.720048
1162.016690,0.720118
1162.948540,0.719638
1163.880389,0.719105
1164.812239,0.717611
1165.744089,0.715253
1166.675939,0.712292
1167.607789,0.708795
1168.539638,0.704744
1169.471488,0.700110
1170.403338,0.694920
1171.335188,0.689203
1172.267038,0.682937
1173.198887,0.676344
1174.130737,0.669524
1175.062587,0.662649
1175.994437,0.654920
1176.926287,0.646997
1177.858136,0.639446
1178.789986,0.631826
1179.721836,0.623906
1180.653686,0.616438
1181.585535,0.609009
1182.517385,0.601455
1183.449235,0.593984
1184.381085,0.587057
1185.312935,0.580212
1186.244784,0.573218
1187.176634,0.566596
1188.108484,0.560300
1189.040334,0.554155
1189.972184,0.548190
1190.904033,0.542145
1191.835883,0.536399
1192.767733,0.531067
1193.699583,0.525610
1194.631433,0.520402
1195.563282,0.515618
1196.495132,0.510996
1197.426982,0.506476
1198.358832,0.502053
1199.290682,0.497760
1200.222531,0.493531
1201.154381,0.489602
1202.086231,0.486031
1203.018081,0.482298
1203.949930,0.478841
1204.881780,0.475849
1205.813630,0.473203
1206.745480,0.470842
1207.677330,0.468540
1208.609179,0.466125
1209.541029,0.463910
1210.472879,0.461781
1211.404729,0.459868
1212.336579,0.458758
1213.268428,0.457950
1214.200278,0.456793
1215.132128,0.455756
1216.063978,0.454938
1216.995828,0.454456
1217.927677,0.454102
1218.859527,0.453692
1219.791377,0.453137
1220.723227,0.452737
1221.655076,0.452921
1222.586926,0.453513
1223.518776,0.454169
1224.450626,0.455229
1225.382476,0.457165
1226.314325,0.459496
1227.246175,0.461813
1228.178025,0.464583
1229.109875,0.468113
1230.041725,0.472385
1230.973574,0.477527
1231.905424,0.483569
1232.837274,0.490414
1233.769124,0.498439
1234.700974,0.507143
1235.632823,0.516383
1236.564673,0.526712
1237.496523,0.537967
1238.428373,0.549629
1239.360223,0.561497
1240.292072,0.573732
1241.223922,0.586060
1242.155772,0.597693
1243.087622,0.607665
1244.019471,0.616094
1244.951321,0.622659
1245.883171,0.627355
1246.815021,0.630398
1247.746871,0.632518
1248.678720,0.634359
1249.610570,0.636164
1250.542420,0.638301
1251.474270,0.641124
1252.406120,0.643552
1253.337969,0.644522
1254.269819,0.643953
1255.201669,0.642058
1256.133519,0.637896
1257.065369,0.631089
1257.997218,0.622746
1258.929068,0.613686
1259.860918,0.604299
1260.792768,0.594098
1261.724618,0.582529
1262.656467,0.571085
1263.588317,0.561105
1264.520167,0.551853
1265.452017,0.542938
1266.383866,0.534357
1267.315716,0.525968
1268.247566,0.517442
1269.179416,0.508169
1270.111266,0.498207
1271.043115,0.487658
1271.974965,0.477185
1272.906815,0.466240
1273.838665,0.454609
1274.770515,0.444530
1275.702364,0.436567
1276.634214,0.429716
1277.566064,0.424321
1278.497914,0.421291
1279.429764,0.420841
1280.361613,0.422293
1281.293463,0.424960
1282.225313,0.427833
1283.157163,0.428376
1284.089013,0.424674
1285.020862,0.417166
1285.952712,0.408560
1286.884562,0.400959
1287.816412,0.394693
1288.748261,0.388817
1289.680111,0.382418
1290.611961,0.376514
1291.543811,0.371247
1292.475661,0.365783
1293.407510,0.360731
1294.339360,0.356391
1295.271210,0.352487
1296.203060,0.349114
1297.134910,0.346066
1298.066759,0.342693
1298.998609,0.339231
1299.930459,0.336431
1300.862309,0.333822
1301.794159,0.331085
1302.726008,0.328874
1303.657858,0.327174
1304.589708,0.325303
1305.521558,0.323153
1306.453408,0.321250
1307.385257,0.319842
1308.317107,0.318950
1309.248957,0.317577
1310.180807,0.315746
1311.112656,0.314313
1312.044506,0.314303
1312.976356,0.315665
1313.908206,0.315958
1314.840056,0.313807
1315.771905,0.311348
1316.703755,0.311002
1317.635605,0.311793
1318.567455,0.311988
1319.499305,0.311534
1320.431154,0.309350
1321.363004,0.306308
1322.294854,0.304209
1323.226704,0.303267
1324.158554,0.302773
1325.090403,0.302305
1326.022253,0.301327
1326.954103,0.300821
1327.885953,0.300450
1328.817803,0.300245
1329.749652,0.300023
1330.681502,0.299880
1331.613352,0.299152
1332.545202,0.298935
1333.477051,0.298703
1334.408901,0.298598
1335.340751,0.298766
1336.272601,0.301300
1337.204451,0.304910
1338.136300,0.307085
1339.068150,0.309952
1340.000000,0.314029
1340.931850,0.312942
1341.863700,0.305093
1342.795549,0.300047
1343.727399,0.300240
1344.659249,0.302260
1345.591099,0.303340
1346.522949,0.304478
1347.454798,0.306052
1348.386648,0.308329
1349.318498,0.311382
1350.250348,0.314209
1351.182197,0.316205
1352.114047,0.319412
1353.045897,0.323981
1353.977747,0.328858
1354.909597,0.334828
1355.841446,0.341384
1356.773296,0.346768
1357.705146,0.353669
1358.636996,0.364223
1359.568846,0.376166
1360.500695,0.391947
1361.432545,0.412857
1362.364395,0.433792
1363.296245,0.452848
1364.228095,0.459177
1365.159944,0.453759
1366.091794,0.449576
1367.023644,0.442716
1367.955494,0.427806
1368.887344,0.410560
1369.819193,0.388633
1370.751043,0.367503
1371.682893,0.354564
1372.614743,0.347201
1373.546592,0.346803
1374.478442,0.348145
1375.410292,0.339862
1376.342142,0.327208
1377.273992,0.321321
1378.205841,0.321690
1379.137691,0.322182
1380.069541,0.320025
1381.001391,0.318355
1381.933241,0.318775
1382.865090,0.320111
1383.796940,0.323006
1384.728790,0.326602
1385.660640,0.330831
1386.592490,0.337841
1387.524339,0.348053
1388.456189,0.347920
1389.388039,0.338578
1390.319889,0.337684
1391.251739,0.343507
1392.183588,0.348998
1393.115438,0.352663
1394.047288,0.362887
1394.979138,0.372900
1395.910987,0.369045
1396.842837,0.358952
1397.774687,0.355299
1398.706537,0.359006
1399.638387,0.360349
1400.570236,0.347739
1401.502086,0.336598
1402.433936,0.336470
1403.365786,0.339579
1404.297636,0.343512
1405.229485,0.350993
1406.161335,0.347776
1407.093185,0.339713
1408.025035,0.340326
1408.956885,0.344088
1409.888734,0.347147
1410.820584,0.349857
1411.752434,0.352617
1412.684284,0.354043
1413.616134,0.354336
1414.547983,0.355331
1415.479833,0.359640
1416.411683,0.366942
1417.343533,0.377796
1418.275382,0.385361
1419.207232,0.397068
1420.139082,0.398966
1421.070932,0.374201
1422.002782,0.370616
1422.934631,0.380101
1423.866481,0.394333
1424.798331,0.399512
1425.730181,0.395031
1426.662031,0.392695
1427.593880,0.398842
1428.525730,0.405351
1429.457580,0.414482
1430.389430,0.422663
1431.321280,0.419220
1432.253129,0.417478
1433.184979,0.425111
1434.116829,0.433004
1435.048679,0.438101
1435.980529,0.450762
1436.912378,0.475847
1437.844228,0.468707
1438.776078,0.441866
1439.707928,0.446213
1440.639777,0.456895
1441.571627,0.463189
1442.503477,0.468022
1443.435327,0.473228
1444.367177,0.478805
1445.299026,0.485209
1446.230876,0.491313
1447.162726,0.498168
1448.094576,0.509434
1449.026426,0.511532
1449.958275,0.505284
1450.890125,0.507650
1451.821975,0.518898
1452.753825,0.528819
1453.685675,0.532495
1454.617524,0.542121
1455.549374,0.562230
1456.481224,0.590318
1457.413074,0.611191
1458.344924,0.600785
1459.276773,0.587408
1460.208623,0.582960
1461.140473,0.589994
1462.072323,0.601911
1463.004172,0.617732
1463.936022,0.634895
1464.867872,0.659893
1465.799722,0.676231
1466.731572,0.673372
1467.663421,0.679964
1468.595271,0.695721
1469.527121,0.710499
1470.458971,0.724517
1471.390821,0.746400
1472.322670,0.776926
1473.254520,0.796272
1474.186370,0.789520
1475.118220,0.776073
1476.050070,0.787916
1476.981919,0.800968
1477.913769,0.798596
1478.845619,0.800388
1479.777469,0.814335
1480.709318,0.833864
1481.641168,0.854734
1482.573018,0.869316
1483.504868,0.880647
1484.436718,0.895126
1485.368567,0.911658
1486.300417,0.928119
1487.232267,0.950421
1488.164117,0.963268
1489.095967,0.963493
1490.027816,0.978437
1490.959666,0.986362
1491.891516,0.958178
1492.823366,0.931923
1493.755216,0.927294
1494.687065,0.923025
1495.618915,0.921211
1496.550765,0.925658
1497.482615,0.895316
1498.414465,0.862215
1499.346314,0.856864
1500.278164,0.824322
1501.210014,0.796544
1502.141864,0.785202
1503.073713,0.770559
1504.005563,0.752811
1504.937413,0.750187
1505.869263,0.763747
1506.801113,0.779964
1507.732962,0.751753
1508.664812,0.694640
1509.596662,0.672457
1510.528512,0.655002
1511.460362,0.634989
1512.392211,0.628381
1513.324061,0.608808
1514.255911,0.580116
1515.187761,0.571078
1516.119611,0.562738
1517.051460,0.556851
1517.983310,0.538402
1518.915160,0.486753
1519.847010,0.473661
1520.778860,0.490812
1521.710709,0.493379
1522.642559,0.454025
1523.574409,0.423632
1524.506259,0.409682
1525.438108,0.421140
1526.369958,0.419654
1527.301808,0.402878
1528.233658,0.400349
1529.165508,0.395592
1530.097357,0.386180
1531.029207,0.385665
1531.961057,0.395439
1532.892907,0.405851
1533.824757,0.417736
1534.756606,0.408486
1535.688456,0.387083
1536.620306,0.388687
1537.552156,0.399725
1538.484006,0.422174
1539.415855,0.454163
1540.347705,0.466472
1541.279555,0.433089
1542.211405,0.429598
1543.143255,0.434714
1544.075104,0.427295
1545.006954,0.439071
1545.938804,0.447064
1546.870654,0.433193
1547.802503,0.432514
1548.734353,0.444555
1549.666203,0.461994
1550.598053,0.477734
1551.529903,0.472776
1552.461752,0.468014
1553.393602,0.478682
1554.325452,0.502156
1555.257302,0.513251
1556.189152,0.502240
1557.121001,0.517035
1558.052851,0.558207
1558.984701,0.595913
1559.916551,0.584457
1560.848401,0.550942
1561.780250,0.518264
1562.712100,0.531988
1563.643950,0.552103
1564.575800,0.571509
1565.507650,0.584396
1566.439499,0.585902
1567.371349,0.592814
1568.303199,0.610231
1569.235049,0.636357
1570.166898,0.659445
1571.098748,0.646190
1572.030598,0.642114
1572.962448,0.662078
1573.894298,0.685158
1574.826147,0.707472
1575.757997,0.739281
1576.689847,0.774544
1577.621697,0.770369
1578.553547,0.770113
1579.485396,0.794175
1580.417246,0.821220
1581.349096,0.846974
1582.280946,0.872942
1583.212796,0.900682
1584.144645,0.928935
1585.076495,0.958395
1586.008345,0.989446
1586.940195,1.022819
1587.872045,1.056824
1588.803894,1.093338
1589.735744,1.131169
1590.667594,1.169530
1591.599444,1.208320
1592.531293,1.246391
1593.463143,1.281613
1594.394993,1.314928
1595.326843,1.341418
1596.258693,1.360700
1597.190542,1.371258
1598.122392,1.370268
1599.054242,1.362276
1599.986092,1.350008
1600.917942,1.330238
1601.849791,1.305006
1602.781641,1.277461
1603.713491,1.251760
1604.645341,1.222904
1605.577191,1.193719
1606.509040,1.168916
1607.440890,1.150613
1608.372740,1.131423
1609.304590,1.114710
1610.236439,1.103521
1611.168289,1.089976
1612.100139,1.078223
1613.031989,1.071712
1613.963839,1.066731
1614.895688,1.062785
1615.827538,1.063674
1616.759388,1.080869
1617.691238,1.081545
1618.623088,1.038227
1619.554937,1.033001
1620.486787,1.044754
1621.418637,1.055082
1622.350487,1.067232
1623.282337,1.089511
1624.214186,1.111559
1625.146036,1.110177
1626.077886,1.113431
1627.009736,1.131616
1627.941586,1.157060
1628.873435,1.170650
1629.805285,1.168198
1630.737135,1.172576
1631.668985,1.181403
1632.600834,1.189094
1633.532684,1.193524
1634.464534,1.204667
1635.396384,1.235531
1636.328234,1.254945
1637.260083,1.203580
1638.191933,1.180065
1639.123783,1.164660
1640.055633,1.154980
1640.987483,1.151764
1641.919332,1.148085
1642.851182,1.146325
1643.783032,1.148950
1644.714882,1.155809
1645.646732,1.176071
1646.578581,1.209736
1647.510431,1.227714
1648.442281,1.228573
1649.374131,1.224836
1650.305981,1.228343
1651.237830,1.252115
1652.169680,1.295994
1653.101530,1.375768
1654.033380,1.456366
1654.965229,1.377356
1655.897079,1.310502
1656.828929,1.294230
1657.760779,1.285871
1658.692629,1.272432
1659.624478,1.254171
1660.556328,1.233922
1661.488178,1.215377
1662.420028,1.201636
1663.351878,1.185373
1664.283727,1.136788
1665.215577,1.093844
1666.147427,1.078335
1667.079277,1.064593
1668.011127,1.056272
1668.942976,1.062234
1669.874826,1.071553
1670.806676,1.042575
1671.738526,1.033903
1672.670376,1.043309
1673.602225,1.049357
1674.534075,1.067666
1675.465925,1.104727
1676.397775,1.124893
1677.329624,1.102570
1678.261474,1.104108
1679.193324,1.112952
1680.125174,1.119680
1681.057024,1.116344
1681.988873,1.093508
1682.920723,1.081982
1683.852573,1.095493
1684.784423,1.097050
1685.716273,1.012735
1686.648122,0.922389
1687.579972,0.907586
1688.511822,0.906951
1689.443672,0.891983
1690.375522,0.867268
1691.307371,0.842519
1692.239221,0.820145
1693.171071,0.807895
1694.102921,0.801216
1695.034771,0.802360
1695.966620,0.817145
1696.898470,0.798271
1697.830320,0.738762
1698.762170,0.736589
1699.694019,0.755258
1700.625869,0.779964
1701.557719,0.726219
1702.489569,0.651321
1703.421419,0.659288
1704.353268,0.675920
1705.285118,0.677278
1706.216968,0.661406
1707.148818,0.648030
1708.080668,0.624973
1709.012517,0.610946
1709.944367,0.611716
1710.876217,0.610052
1711.808067,0.599171
1712.739917,0.591806
1713.671766,0.596250
1714.603616,0.604106
1715.535466,0.608802
1716.467316,0.597662
1717.399166,0.598903
1718.331015,0.608053
1719.262865,0.583820
1720.194715,0.555702
1721.126565,0.557380
1722.058414,0.573699
1722.990264,0.588755
1723.922114,0.604722
1724.853964,0.616769
1725.785814,0.628408
1726.717663,0.645448
1727.649513,0.663402
1728.581363,0.679032
1729.513213,0.696543
1730.445063,0.716622
1731.376912,0.723779
1732.308762,0.726123
1733.240612,0.749864
1734.172462,0.783910
1735.104312,0.791303
1736.036161,0.753556
1736.968011,0.744641
1737.899861,0.758702
1738.831711,0.766598
1739.763561,0.770864
1740.695410,0.761673
1741.627260,0.723335
1742.559110,0.708264
1743.490960,0.709697
1744.422809,0.695910
1745.354659,0.668840
1746.286509,0.654368
1747.218359,0.648246
1748.150209,0.642458
1749.082058,0.632084
1750.013908,0.614172
1750.945758,0.599960
1751.877608,0.596766
1752.809458,0.565595
1753.741307,0.543478
1754.673157,0.542363
1755.605007,0.541489
1756.536857,0.541566
1757.468707,0.540267
1758.400556,0.522957
1759.332406,0.509851
1760.264256,0.508892
1761.196106,0.510835
1762.127955,0.515742
1763.059805,0.498414
1763.991655,0.473590
1764.923505,0.472595
1765.855355,0.474312
1766.787204,0.473396
1767.719054,0.476327
1768.650904,0.481204
1769.582754,0.468859
1770.514604,0.458015
1771.446453,0.470292
1772.378303,0.478704
1773.310153,0.461583
1774.242003,0.429950
1775.173853,0.421272
1776.105702,0.432427
1777.037552,0.430581
1777.969402,0.423003
1778.901252,0.422966
1779.833102,0.425611
1780.764951,0.426624
1781.696801,0.421801
1782.628651,0.409443
1783.560501,0.405661
1784.492350,0.408452
1785.424200,0.411000
1786.356050,0.401476
1787.287900,0.391918
1788.219750,0.392140
1789.151599,0.394523
1790.083449,0.396634
1791.015299,0.403710
1791.947149,0.407781
1792.878999,0.404025
1793.810848,0.388133
1794.742698,0.365007
1795.674548,0.370139
1796.606398,0.379047
1797.538248,0.376472
1798.470097,0.371274
1799.401947,0.374785
1800.333797,0.378985
1801.265647,0.369744
1802.197497,0.364819
1803.129346,0.365004
1804.061196,0.355908
1804.993046,0.351306
1805.924896,0.352134
1806.856745,0.351801
1807.788595,0.351714
1808.720445,0.352260
1809.652295,0.349486
1810.584145,0.351197
1811.515994,0.350795
1812.447844,0.341827
1813.379694,0.337099
1814.311544,0.335643
1815.243394,0.334189
1816.175243,0.333755
1817.107093,0.333463
1818.038943,0.333665
1818.970793,0.330063
1819.902643,0.326348
1820.834492,0.325506
1821.766342,0.325592
1822.698192,0.325725
1823.630042,0.326792
1824.561892,0.328436
1825.493741,0.333600
1826.425591,0.329911
1827.357441,0.315217
1828.289291,0.316017
1829.221140,0.326044
1830.152990,0.334137
1831.084840,0.321860
1832.016690,0.300634
1832.948540,0.300387
1833.880389,0.306597
1834.812239,0.307442
1835.744089,0.305973
1836.675939,0.305923
1837.607789,0.306822
1838.539638,0.303650
1839.471488,0.299116
1840.403338,0.299145
1841.335188,0.300767
1842.267038,0.303926
1843.198887,0.308398
1844.130737,0.316447
1845.062587,0.318102
1845.994437,0.290726
1846.926287,0.281462
1847.858136,0.291176
1848.789986,0.294415
1849.721836,0.288814
1850.653686,0.285392
1851.585535,0.285675
1852.517385,0.285598
1853.449235,0.284884
1854.381085,0.283528
1855.312935,0.282763
1856.244784,0.281823
1857.176634,0.281144
1858.108484,0.280617
1859.040334,0.280513
1859.972184,0.279412
1860.904033,0.278192
1861.835883,0.277565
1862.767733,0.276958
1863.699583,0.275294
1864.631433,0.275030
1865.563282,0.276042
1866.495132,0.279669
1867.426982,0.283096
1868.358832,0.285274
1869.290682,0.286949
1870.222531,0.279795
1871.154381,0.265228
1872.086231,0.260980
1873.018081,0.263584
1873.949930,0.264501
1874.881780,0.264382
1875.813630,0.263548
1876.745480,0.262850
1877.677330,0.262053
1878.609179,0.261309
1879.541029,0.260787
1880.472879,0.260211
1881.404729,0.259093
1882.336579,0.258116
1883.268428,0.257419
1884.200278,0.257150
1885.132128,0.257186
1886.063978,0.256348
1886.995828,0.255209
1887.927677,0.255594
1888.859527,0.257487
1889.791377,0.262118
1890.723227,0.259582
1891.655076,0.247863
1892.586926,0.246369
1893.518776,0.249041
1894.450626,0.250291
1895.382476,0.251693
1896.314325,0.250708
1897.246175,0.246050
1898.178025,0.244431
1899.109875,0.244701
1900.041725,0.244202
1900.973574,0.243488
1901.905424,0.242979
1902.837274,0.242560
1903.769124,0.242172
1904.700974,0.241824
1905.632823,0.241196
1906.564673,0.240565
1907.496523,0.241050
1908.428373,0.242358
1909.360223,0.242181
1910.292072,0.241425
1911.223922,0.239801
1912.155772,0.235099
1913.087622,0.234173
1914.019471,0.235036
1914.951321,0.235600
1915.883171,0.235845
1916.815021,0.236740
1917.746871,0.240583
1918.678720,0.244661
1919.610570,0.234764
1920.542420,0.226287
1921.474270,0.230562
1922.406120,0.235664
1923.337969,0.239332
1924.269819,0.236079
1925.201669,0.227932
1926.133519,0.226408
1927.065369,0.228087
1927.997218,0.228381
1928.929068,0.228253
1929.860918,0.227872
1930.792768,0.227218
1931.724618,0.226999
1932.656467,0.227071
1933.588317,0.226781
1934.520167,0.226097
1935.452017,0.225299
1936.383866,0.224759
1937.315716,0.224268
1938.247566,0.223909
1939.179416,0.224118
1940.111266,0.224394
1941.043115,0.224957
1941.974965,0.227099
1942.906815,0.231504
1943.838665,0.229489
1944.770515,0.219019
1945.702364,0.217615
1946.634214,0.220188
1947.566064,0.218998
1948.497914,0.216935
1949.429764,0.216789
1950.361613,0.216984
1951.293463,0.216353
1952.225313,0.215925
1953.157163,0.215618
1954.089013,0.215255
1955.020862,0.215132
1955.952712,0.215066
1956.884562,0.214185
1957.816412,0.213304
1958.748261,0.212875
1959.680111,0.212485
1960.611961,0.212019
1961.543811,0.211613
1962.475661,0.211191
1963.407510,0.210656
1964.339360,0.210633
1965.271210,0.210833
1966.203060,0.211537
1967.134910,0.213030
1968.066759,0.213941
1968.998609,0.210600
1969.930459,0.206437
1970.862309,0.206231
1971.794159,0.206521
1972.726008,0.206459
1973.657858,0.206245
1974.589708,0.206158
1975.521558,0.205976
1976.453408,0.205435
1977.385257,0.204985
1978.317107,0.204856
1979.248957,0.204366
1980.180807,0.203781
1981.112656,0.203556
1982.044506,0.203305
1982.976356,0.202796
1983.908206,0.202600
1984.840056,0.202431
1985.771905,0.202447
1986.703755,0.202481
1987.635605,0.202802
1988.567455,0.203836
1989.499305,0.204220
1990.431154,0.202744
1991.363004,0.203148
1992.294854,0.206256
1993.226704,0.205972
1994.158554,0.200338
1995.090403,0.198067
1996.022253,0.199099
1996.954103,0.199326
1997.885953,0.199228
1998.817803,0.199328
1999.749652,0.199309
2000.681502,0.198955
2001.613352,0.198762
2002.545202,0.198754
2003.477051,0.198851
2004.408901,0.198867
2005.340751,0.198806
2006.272601,0.198937
2007.204451,0.199008
2008.136300,0.199107
2009.068150,0.199378
2010.000000,0.199395
2010.931850,0.199085
2011.863700,0.199008
2012.795549,0.199382
2013.727399,0.199857
2014.659249,0.200162
2015.591099,0.200779
2016.522949,0.202370
2017.454798,0.204040
2018.386648,0.203643
2019.318498,0.201774
2020.250348,0.200933
2021.182197,0.200441
2022.114047,0.200376
2023.045897,0.200371
2023.977747,0.200485
2024.909597,0.200025
2025.841446,0.199228
2026.773296,0.198699
2027.705146,0.198050
2028.636996,0.197231
2029.568846,0.196657
2030.500695,0.196167
2031.432545,0.195549
2032.364395,0.194621
2033.296245,0.193712
2034.228095,0.193220
2035.159944,0.192702
2036.091794,0.191994
2037.023644,0.191677
2037.955494,0.191513
2038.887344,0.191141
2039.819193,0.190918
2040.751043,0.190860
2041.682893,0.191274
2042.614743,0.190961
2043.546592,0.189114
2044.478442,0.188362
2045.410292,0.188576
2046.342142,0.188436
2047.273992,0.188467
2048.205841,0.188345
2049.137691,0.187946
2050.069541,0.187828
2051.001391,0.187785
2051.933241,0.187603
2052.865090,0.187422
2053.796940,0.187200
2054.728790,0.187119
2055.660640,0.187167
2056.592490,0.187240
2057.524339,0.187320
2058.456189,0.187605
2059.388039,0.187538
2060.319889,0.187451
2061.251739,0.187555
2062.183588,0.187774
2063.115438,0.187929
2064.047288,0.188364
2064.979138,0.189135
2065.910987,0.189778
2066.842837,0.189037
2067.774687,0.188198
2068.706537,0.188191
2069.638387,0.188372
2070.570236,0.188564
2071.502086,0.188766
2072.433936,0.189069
2073.365786,0.189070
2074.297636,0.188978
2075.229485,0.189411
2076.161335,0.189653
2077.093185,0.189262
2078.025035,0.189141
2078.956885,0.189503
2079.888734,0.189490
2080.820584,0.189379
2081.752434,0.189236
2082.684284,0.189311
2083.616134,0.189227
2084.547983,0.188851
2085.479833,0.188639
2086.411683,0.188565
2087.343533,0.188558
2088.275382,0.188673
2089.207232,0.188390
2090.139082,0.188244
2091.070932,0.188253
2092.002782,0.187386
2092.934631,0.186627
2093.866481,0.186360
2094.798331,0.186016
2095.730181,0.185704
2096.662031,0.185154
2097.593880,0.184620
2098.525730,0.184401
2099.457580,0.184294
2100.389430,0.184015
2101.321280,0.183543
2102.253129,0.183180
2103.184979,0.183000
2104.116829,0.182667
2105.048679,0.182107
2105.980529,0.181584
2106.912378,0.181409
2107.844228,0.181283
2108.776078,0.180965
2109.707928,0.180503
2110.639777,0.180205
2111.571627,0.180040
2112.503477,0.179682
2113.435327,0.179446
2114.367177,0.179188
2115.299026,0.178913
2116.230876,0.178791
2117.162726,0.178264
2118.094576,0.177787
2119.026426,0.177774
2119.958275,0.177799
2120.890125,0.177693
2121.821975,0.177390
2122.753825,0.176956
2123.685675,0.176966
2124.617524,0.177034
2125.549374,0.176780
2126.481224,0.176574
2127.413074,0.176614
2128.344924,0.176781
2129.276773,0.176877
2130.208623,0.176887
2131.140473,0.177198
2132.072323,0.177469
2133.004172,0.177377
2133.936022,0.177223
2134.867872,0.177194
2135.799722,0.177293
2136.731572,0.177615
2137.663421,0.177923
2138.595271,0.178011
2139.527121,0.178204
2140.458971,0.178236
2141.390821,0.178081
2142.322670,0.178124
2143.254520,0.178066
2144.186370,0.178152
2145.118220,0.178545
2146.050070,0.178820
2146.981919,0.178944
2147.913769,0.179096
2148.845619,0.179425
2149.777469,0.179533
2150.709318,0.179432
2151.641168,0.179620
2152.573018,0.179972
2153.504868,0.180331
2154.436718,0.180377
2155.368567,0.180690
2156.300417,0.181080
2157.232267,0.181115
2158.164117,0.181233
2159.095967,0.181647
2160.027816,0.182066
2160.959666,0.182272
2161.891516,0.182659
2162.823366,0.183042
2163.755216,0.183089
2164.687065,0.183093
2165.618915,0.183136
2166.550765,0.183322
2167.482615,0.183677
2168.414465,0.183869
2169.346314,0.184324
2170.278164,0.184785
2171.210014,0.184578
2172.141864,0.184053
2173.073713,0.183638
2174.005563,0.183450
2174.937413,0.183356
2175.869263,0.183208
2176.801113,0.183189
2177.732962,0.183353
2178.664812,0.183261
2179.596662,0.183214
2180.528512,0.183366
2181.460362,0.183457
2182.392211,0.183568
2183.324061,0.183782
2184.255911,0.183858
2185.187761,0.183869
2186.119611,0.184123
2187.051460,0.184420
2187.983310,0.184619
2188.915160,0.184727
2189.847010,0.184961
2190.778860,0.185316
2191.710709,0.185385
2192.642559,0.185329
2193.574409,0.185543
2194.506259,0.185919
2195.438108,0.185989
2196.369958,0.185878
2197.301808,0.186085
2198.233658,0.186528
2199.165508,0.186743
2200.097357,0.186672
2201.029207,0.186611
2201.961057,0.186717
2202.892907,0.186913
2203.824757,0.186969
2204.756606,0.187045
2205.688456,0.187342
2206.620306,0.187579
2207.552156,0.187381
2208.484006,0.187331
2209.415855,0.187627
2210.347705,0.187929
2211.279555,0.188215
2212.211405,0.188203
2213.143255,0.188239
2214.075104,0.188653
2215.006954,0.188879
2215.938804,0.189197
2216.870654,0.189825
2217.802503,0.190119
2218.734353,0.190401
2219.666203,0.190902
2220.598053,0.191167
2221.529903,0.191514
2222.461752,0.191920
2223.393602,0.192303
2224.325452,0.192580
2225.257302,0.192713
2226.189152,0.193126
2227.121001,0.193533
2228.052851,0.193751
2228.984701,0.194260
2229.916551,0.194712
2230.848401,0.194836
2231.780250,0.194869
2232.712100,0.195084
2233.643950,0.195418
2234.575800,0.195735
2235.507650,0.195937
2236.439499,0.196235
2237.371349,0.196209
2238.303199,0.196008
2239.235049,0.195993
2240.166898,0.196023
2241.098748,0.195897
2242.030598,0.195661
2242.962448,0.195482
2243.894298,0.195579
2244.826147,0.195380
2245.757997,0.194679
2246.689847,0.194185
2247.621697,0.193737
2248.553547,0.192911
2249.485396,0.192327
2250.417246,0.191639
2251.349096,0.190964
2252.280946,0.190395
2253.212796,0.189815
2254.144645,0.189130
2255.076495,0.188432
2256.008345,0.187759
2256.940195,0.187168
2257.872045,0.186164
2258.803894,0.185300
2259.735744,0.184812
2260.667594,0.184334
2261.599444,0.183442
2262.531293,0.182893
2263.463143,0.182421
2264.394993,0.181909
2265.326843,0.181395
2266.258693,0.180848
2267.190542,0.180496
2268.122392,0.180178
2269.054242,0.179621
2269.986092,0.178996
2270.917942,0.178642
2271.849791,0.178532
2272.781641,0.178214
2273.713491,0.177836
2274.645341,0.177445
2275.577191,0.177162
2276.509040,0.176857
2277.440890,0.176683
2278.372740,0.176491
2279.304590,0.176286
2280.236439,0.176066
2281.168289,0.175967
2282.100139,0.175813
2283.031989,0.175664
2283.963839,0.175534
2284.895688,0.175629
2285.827538,0.175679
2286.759388,0.175383
2287.691238,0.175086
2288.623088,0.174998
2289.554937,0.174832
2290.486787,0.174871
2291.418637,0.174602
2292.350487,0.174535
2293.282337,0.174436
2294.214186,0.174109
2295.146036,0.174045
2296.077886,0.174021
2297.009736,0.173910
2297.941586,0.173803
2298.873435,0.173440
2299.805285,0.173487
2300.737135,0.173471
2301.668985,0.173537
2302.600834,0.173364
2303.532684,0.173523
2304.464534,0.173127
2305.396384,0.172647
2306.328234,0.173131
2307.260083,0.173333
2308.191933,0.173346
2309.123783,0.172475
2310.055633,0.172069
2310.987483,0.172089
2311.919332,0.171855
2312.851182,0.172108
2313.783032,0.171214
2314.714882,0.170608
2315.646732,0.168113
2316.578581,0.168012
2317.510431,0.167512
2318.442281,0.168281
2319.374131,0.168250
2320.305981,0.168396
2321.237830,0.167347
2322.169680,0.166430
2323.101530,0.165102
2324.033380,0.163389
2324.965229,0.162398
2325.897079,0.160618
2326.828929,0.160105
2327.760779,0.159240
2328.692629,0.159782
2329.624478,0.159401
2330.556328,0.158957
2331.488178,0.157013
2332.420028,0.155460
2333.351878,0.154089
2334.283727,0.153654
2335.215577,0.152048
2336.147427,0.151504
2337.079277,0.151123
2338.011127,0.150791
2338.942976,0.149770
2339.874826,0.149406
2340.806676,0.148741
2341.738526,0.148604
2342.670376,0.147935
2343.602225,0.147332
2344.534075,0.146442
2345.465925,0.145238
2346.397775,0.142333
2347.329624,0.141336
2348.261474,0.139839
2349.193324,0.142904
2350.125174,0.148622
2351.057024,0.156732
2351.988873,0.162107
2352.920723,0.160267
2353.852573,0.157132
2354.784423,0.154260
2355.716273,0.151050
2356.648122,0.151173
2357.579972,0.146353
2358.511822,0.144912
2359.443672,0.142510
2360.375522,0.139196
2361.307371,0.141242
2362.239221,0.137294
2363.171071,0.135889
2364.102921,0.140044
2365.034771,0.135067
2365.966620,0.134939
2366.898470,0.139409
2367.830320,0.135504
2368.762170,0.133273
2369.694019,0.138577
2370.625869,0.139196
2371.557719,0.135205
2372.489569,0.136848
2373.421419,0.141783
2374.353268,0.142260
2375.285118,0.139989
2376.216968,0.139437
2377.148818,0.141524
2378.080668,0.143672
2379.012517,0.144688
2379.944367,0.144719
2380.876217,0.144663
2381.808067,0.144699
2382.739917,0.144991
2383.671766,0.145070
2384.603616,0.145307
2385.535466,0.145496
2386.467316,0.145790
2387.399166,0.145795
2388.331015,0.145700
2389.262865,0.145615
2390.194715,0.145784
2391.126565,0.145586
2392.058414,0.145465
2392.990264,0.145476
2393.922114,0.145384
2394.853964,0.145121
2395.785814,0.145030
2396.717663,0.144870
2397.649513,0.144945
2398.581363,0.144825
2399.513213,0.144776
2400.445063,0.144664
2401.376912,0.144302
2402.308762,0.144042
2403.240612,0.144092
2404.172462,0.144074
2405.104312,0.144113
2406.036161,0.143709
2406.968011,0.143603
2407.899861,0.143538
2408.831711,0.143324
2409.763561,0.143085
2410.695410,0.143300
2411.627260,0.143401
2412.559110,0.143072
2413.490960,0.142611
2414.422809,0.142643
2415.354659,0.142647
2416.286509,0.142693
2417.218359,0.142527
2418.150209,0.142524
2419.082058,0.142599
2420.013908,0.142184
2420.945758,0.141793
2421.877608,0.141810
2422.809458,0.141526
2423.741307,0.141809
2424.673157,0.142086
2425.605007,0.141988
2426.536857,0.141729
2427.468707,0.141643
2428.400556,0.141805
2429.332406,0.141707
2430.264256,0.141256
2431.196106,0.141463
2432.127955,0.141564
2433.059805,0.141232
2433.991655,0.140792
2434.923505,0.140607
2435.855355,0.140759
2436.787204,0.141166
2437.719054,0.140881
2438.650904,0.140686
2439.582754,0.140855
2440.514604,0.141176
2441.446453,0.140775
2442.378303,0.140775
2443.310153,0.140725
2444.242003,0.140271
2445.173853,0.140281
2446.105702,0.140715
2447.037552,0.140972
2447.969402,0.141077
2448.901252,0.140942
2449.833102,0.140878
2450.764951,0.140767
2451.696801,0.140434
2452.628651,0.140216
2453.560501,0.140699
2454.492350,0.141150
2455.424200,0.141285
2456.356050,0.141167
2457.287900,0.141278
2458.219750,0.141121
2459.151599,0.141176
2460.083449,0.141238
2461.015299,0.141533
2461.947149,0.141748
2462.878999,0.142031
2463.810848,0.142234
2464.742698,0.142485
2465.674548,0.142045
2466.606398,0.141957
2467.538248,0.142223
2468.470097,0.142561
2469.401947,0.142651
2470.333797,0.142689
2471.265647,0.142985
2472.197497,0.143572
2473.129346,0.143695
2474.061196,0.143803
2474.993046,0.143991
2475.924896,0.143968
2476.856745,0.144300
2477.788595,0.145162
2478.720445,0.144970
2479.652295,0.144692
2480.584145,0.144951
2481.515994,0.145693
2482.447844,0.145716
2483.379694,0.145631
2484.311544,0.146157
2485.243394,0.146809
2486.175243,0.146663
2487.107093,0.146696
2488.038943,0.147182
2488.970793,0.147791
2489.902643,0.148155
2490.834492,0.148271
2491.766342,0.148503
2492.698192,0.149449
2493.630042,0.149673
2494.561892,0.149385
2495.493741,0.149585
2496.425591,0.150131
2497.357441,0.150043
2498.289291,0.149957
2499.221140,0.150061
2500.152990,0.149850
2501.084840,0.149581
2502.016690,0.149928
2502.948540,0.150151
2503.880389,0.149799
2504.812239,0.149372
2505.744089,0.149689
2506.675939,0.149755
2507.607789,0.149348
2508.539638,0.148692
2509.471488,0.148529
2510.403338,0.148446
2511.335188,0.148183
2512.267038,0.147690
2513.198887,0.147578
2514.130737,0.147235
2515.062587,0.146330
2515.994437,0.145834
2516.926287,0.145984
2517.858136,0.145734
2518.789986,0.145282
2519.721836,0.144460
2520.653686,0.143893
2521.585535,0.143349
2522.517385,0.143007
2523.449235,0.142684
2524.381085,0.142530
2525.312935,0.142004
2526.244784,0.141260
2527.176634,0.140420
2528.108484,0.140114
2529.040334,0.140057
2529.972184,0.140191
2530.904033,0.140084
2531.835883,0.139988
2532.767733,0.139374
2533.699583,0.138891
2534.631433,0.138879
2535.563282,0.138632
2536.495132,0.138405
2537.426982,0.138389
2538.358832,0.138014
2539.290682,0.138142
2540.222531,0.138214
2541.154381,0.138309
2542.086231,0.138266
2543.018081,0.138420
2543.949930,0.138519
2544.881780,0.138514
2545.813630,0.138463
2546.745480,0.138556
2547.677330,0.138403
2548.609179,0.138429
2549.541029,0.138981
2550.472879,0.139748
2551.404729,0.139877
2552.336579,0.140185
2553.268428,0.140275
2554.200278,0.140522
2555.132128,0.140755
2556.063978,0.141265
2556.995828,0.141810
2557.927677,0.142624
2558.859527,0.142889
2559.791377,0.142977
2560.723227,0.142984
2561.655076,0.143424
2562.586926,0.144205
2563.518776,0.144965
2564.450626,0.145177
2565.382476,0.145565
2566.314325,0.146036
2567.246175,0.146437
2568.178025,0.146632
2569.109875,0.147165
2570.041725,0.147585
2570.973574,0.148049
2571.905424,0.148482
2572.837274,0.149054
2573.769124,0.149302
2574.700974,0.149990
2575.632823,0.150500
2576.564673,0.150567
2577.496523,0.150865
2578.428373,0.151424
2579.360223,0.151456
2580.292072,0.151564
2581.223922,0.151768
2582.155772,0.152083
2583.087622,0.152237
2584.019471,0.152446
2584.951321,0.152399
2585.883171,0.152724
2586.815021,0.152751
2587.746871,0.152774
2588.678720,0.152819
2589.610570,0.153550
2590.542420,0.153620
2591.474270,0.153390
2592.406120,0.153462
2593.337969,0.153536
2594.269819,0.153338
2595.201669,0.153498
2596.133519,0.153704
2597.065369,0.154030
2597.997218,0.153974
2598.929068,0.153682
2599.860918,0.153578
2600.792768,0.153737
2601.724618,0.153547
2602.656467,0.153871
2603.588317,0.154039
2604.520167,0.154280
2605.452017,0.154546
2606.383866,0.154810
2607.315716,0.155004
2608.247566,0.155492
2609.179416,0.155968
2610.111266,0.156161
2611.043115,0.155788
2611.974965,0.155717
2612.906815,0.155723
2613.838665,0.156053
2614.770515,0.156371
2615.702364,0.156304
2616.634214,0.155953
2617.566064,0.156109
2618.497914,0.156153
2619.429764,0.155827
2620.361613,0.155411
2621.293463,0.155598
2622.225313,0.155279
2623.157163,0.154847
2624.089013,0.154821
2625.020862,0.154951
2625.952712,0.154747
2626.884562,0.154660
2627.816412,0.154451
2628.748261,0.154821
2629.680111,0.155089
2630.611961,0.155546
2631.543811,0.155630
2632.475661,0.155735
2633.407510,0.155785
2634.339360,0.156300
2635.271210,0.156884
2636.203060,0.157579
2637.134910,0.157592
2638.066759,0.157973
2638.998609,0.158424
2639.930459,0.158971
2640.862309,0.159755
2641.794159,0.160799
2642.726008,0.160968
2643.657858,0.161377
2644.589708,0.162007
2645.521558,0.162664
2646.453408,0.162722
2647.385257,0.162943
2648.317107,0.163364
2649.248957,0.164159
2650.180807,0.164378
2651.112656,0.164642
2652.044506,0.165155
2652.976356,0.166071
2653.908206,0.166762
2654.840056,0.167506
2655.771905,0.167984
2656.703755,0.168836
2657.635605,0.169412
2658.567455,0.170025
2659.499305,0.170803
2660.431154,0.171701
2661.363004,0.171992
2662.294854,0.172958
2663.226704,0.173834
2664.158554,0.174698
2665.090403,0.175401
2666.022253,0.176508
2666.954103,0.177622
2667.885953,0.178663
2668.817803,0.179333
2669.749652,0.180537
2670.681502,0.181552
2671.613352,0.182723
2672.545202,0.183572
2673.477051,0.184761
2674.408901,0.186102
2675.340751,0.187548
2676.272601,0.188421
2677.204451,0.189397
2678.136300,0.190209
2679.068150,0.191539
2680.000000,0.192900
2680.931850,0.194124
2681.863700,0.195151
2682.795549,0.196640
2683.727399,0.197673
2684.659249,0.198891
2685.591099,0.199766
2686.522949,0.200798
2687.454798,0.201404
2688.386648,0.201918
2689.318498,0.202471
2690.250348,0.203765
2691.182197,0.204532
2692.114047,0.205359
2693.045897,0.205503
2693.977747,0.205796
2694.909597,0.206104
2695.841446,0.206459
2696.773296,0.206370
2697.705146,0.206708
2698.636996,0.206606
2699.568846,0.206695
2700.500695,0.206648
2701.432545,0.206831
2702.364395,0.207039
2703.296245,0.207272
2704.228095,0.206922
2705.159944,0.207090
2706.091794,0.206895
2707.023644,0.206981
2707.955494,0.207027
2708.887344,0.207030
2709.819193,0.206489
2710.751043,0.206304
2711.682893,0.206263
2712.614743,0.206497
2713.546592,0.206059
2714.478442,0.205713
2715.410292,0.205152
2716.342142,0.204979
2717.273992,0.204714
2718.205841,0.204534
2719.137691,0.203958
2720.069541,0.203981
2721.001391,0.203591
2721.933241,0.203347
2722.865090,0.202894
2723.796940,0.202806
2724.728790,0.202508
2725.660640,0.202301
2726.592490,0.201577
2727.524339,0.201599
2728.456189,0.201755
2729.388039,0.201855
2730.319889,0.201277
2731.251739,0.200859
2732.183588,0.200285
2733.115438,0.200189
2734.047288,0.199906
2734.979138,0.200024
2735.910987,0.199642
2736.842837,0.199520
2737.774687,0.199179
2738.706537,0.199109
2739.638387,0.199066
2740.570236,0.199440
2741.502086,0.199148
2742.433936,0.199165
2743.365786,0.199256
2744.297636,0.199643
2745.229485,0.199199
2746.161335,0.199008
2747.093185,0.198825
2748.025035,0.198979
2748.956885,0.198943
2749.888734,0.199346
2750.820584,0.198996
2751.752434,0.198719
2752.684284,0.198762
2753.616134,0.199540
2754.547983,0.199593
2755.479833,0.199229
2756.411683,0.198629
2757.343533,0.198922
2758.275382,0.198687
2759.207232,0.198647
2760.139082,0.198428
2761.070932,0.198591
2762.002782,0.198242
2762.934631,0.198077
2763.866481,0.197842
2764.798331,0.198065
2765.730181,0.197710
2766.662031,0.197628
2767.593880,0.197463
2768.525730,0.197584
2769.457580,0.197098
2770.389430,0.196730
2771.321280,0.196225
2772.253129,0.196449
2773.184979,0.195953
2774.116829,0.195643
2775.048679,0.195409
2775.980529,0.195528
2776.912378,0.195193
2777.844228,0.195842
2778.776078,0.196067
2779.707928,0.196192
2780.639777,0.195435
2781.571627,0.195182
2782.503477,0.195218
2783.435327,0.195764
2784.367177,0.195805
2785.299026,0.196194
2786.230876,0.196104
2787.162726,0.196167
2788.094576,0.195468
2789.026426,0.195625
2789.958275,0.195705
2790.890125,0.196362
2791.821975,0.196803
2792.753825,0.197600
2793.685675,0.197695
2794.617524,0.198398
2795.549374,0.198606
2796.481224,0.198988
2797.413074,0.199151
2798.344924,0.199788
2799.276773,0.199690
2800.208623,0.200333
2801.140473,0.201071
2802.072323,0.201916
2803.004172,0.202221
2803.936022,0.202720
2804.867872,0.202589
2805.799722,0.203165
2806.731572,0.203568
2807.663421,0.204122
2808.595271,0.204002
2809.527121,0.204679
2810.458971,0.205073
2811.390821,0.205605
2812.322670,0.205544
2813.254520,0.206416
2814.186370,0.206868
2815.118220,0.207376
2816.050070,0.206907
2816.981919,0.207423
2817.913769,0.207755
2818.845619,0.208611
2819.777469,0.208594
2820.709318,0.209057
2821.641168,0.209215
2822.573018,0.209790
2823.504868,0.210149
2824.436718,0.210849
2825.368567,0.211335
2826.300417,0.212525
2827.232267,0.212602
2828.164117,0.212971
2829.095967,0.213455
2830.027816,0.214545
2830.959666,0.215075
2831.891516,0.216196
2832.823366,0.216965
2833.755216,0.218298
2834.687065,0.219084
2835.618915,0.220463
2836.550765,0.221343
2837.482615,0.222737
2838.414465,0.223752
2839.346314,0.225574
2840.278164,0.226802
2841.210014,0.229370
2842.141864,0.231885
2843.073713,0.234388
2844.005563,0.236473
2844.937413,0.239573
2845.869263,0.242918
2846.801113,0.247231
2847.732962,0.251566
2848.664812,0.257587
2849.596662,0.264326
2850.528512,0.272967
2851.460362,0.281979
2852.392211,0.293073
2853.324061,0.304730
2854.255911,0.317619
2855.187761,0.329071
2856.119611,0.337709
2857.051460,0.339899
2857.983310,0.336020
2858.915160,0.326675
2859.847010,0.315564
2860.778860,0.303293
2861.710709,0.293757
2862.642559,0.286340
2863.574409,0.281657
2864.506259,0.278486
2865.438108,0.277699
2866.369958,0.277900
2867.301808,0.279758
2868.233658,0.280618
2869.165508,0.280773
2870.097357,0.278420
2871.029207,0.273996
2871.961057,0.267627
2872.892907,0.261564
2873.824757,0.254723
2874.756606,0.249460
2875.688456,0.245385
2876.620306,0.243363
2877.552156,0.241328
2878.484006,0.239761
2879.415855,0.238085
2880.347705,0.237731
2881.279555,0.237057
2882.211405,0.237370
2883.143255,0.237166
2884.075104,0.237763
2885.006954,0.238191
2885.938804,0.239316
2886.870654,0.239605
2887.802503,0.240932
2888.734353,0.241304
2889.666203,0.242478
2890.598053,0.243627
2891.529903,0.245662
2892.461752,0.247156
2893.393602,0.249581
2894.325452,0.251597
2895.257302,0.254321
2896.189152,0.256014
2897.121001,0.258004
2898.052851,0.258832
2898.984701,0.260354
2899.916551,0.261063
2900.848401,0.261810
2901.780250,0.261310
2902.712100,0.261582
2903.643950,0.261559
2904.575800,0.262047
2905.507650,0.261616
2906.439499,0.262377
2907.371349,0.262880
2908.303199,0.264125
2909.235049,0.264617
2910.166898,0.266026
2911.098748,0.267258
2912.030598,0.269714
2912.962448,0.271996
2913.894298,0.275361
2914.826147,0.278447
2915.757997,0.284054
2916.689847,0.290851
2917.621697,0.298954
2918.553547,0.306956
2919.485396,0.317343
2920.417246,0.328810
2921.349096,0.341812
2922.280946,0.354031
2923.212796,0.366721
2924.144645,0.376704
2925.076495,0.384101
2926.008345,0.386267
2926.940195,0.385678
2927.872045,0.381744
2928.803894,0.377236
2929.735744,0.372200
2930.667594,0.369751
2931.599444,0.369067
2932.531293,0.371792
2933.463143,0.375024
2934.394993,0.379378
2935.326843,0.381619
2936.258693,0.383145
2937.190542,0.381527
2938.122392,0.378135
2939.054242,0.371719
2939.986092,0.365285
2940.917942,0.357210
2941.849791,0.350005
2942.781641,0.342470
2943.713491,0.336152
2944.645341,0.329279
2945.577191,0.324464
2946.509040,0.320127
2947.440890,0.316804
2948.372740,0.312092
2949.304590,0.309558
2950.236439,0.307187
2951.168289,0.305522
2952.100139,0.303271
2953.031989,0.302826
2953.963839,0.302125
2954.895688,0.303770
2955.827538,0.305710
2956.759388,0.307884
2957.691238,0.308592
2958.623088,0.309643
2959.554937,0.309497
2960.486787,0.310221
2961.418637,0.309464
2962.350487,0.309188
2963.282337,0.307022
2964.214186,0.305223
2965.146036,0.302679
2966.077886,0.299849
2967.009736,0.295252
2967.941586,0.291549
2968.873435,0.286538
2969.805285,0.282901
2970.737135,0.278556
2971.668985,0.274904
2972.600834,0.270261
2973.532684,0.267073
2974.464534,0.263200
2975.396384,0.260124
2976.328234,0.256591
2977.260083,0.254760
2978.191933,0.252645
2979.123783,0.251293
2980.055633,0.248404
2980.987483,0.247177
2981.919332,0.246287
2982.851182,0.246172
2983.783032,0.245154
2984.714882,0.245456
2985.646732,0.244912
2986.578581,0.244530
2987.510431,0.243350
2988.442281,0.243473
2989.374131,0.242796
2990.305981,0.242640
2991.237830,0.241496
2992.169680,0.241381
2993.101530,0.240525
2994.033380,0.240468
2994.965229,0.240389
2995.897079,0.241767
2996.828929,0.241396
2997.760779,0.241030
2998.692629,0.239945
2999.624478,0.240284
3000.556328,0.240660
3001.488178,0.241969
3002.420028,0.242127
3003.351878,0.242435
3004.283727,0.242008
3005.215577,0.242829
3006.147427,0.242454
3007.079277,0.242967
3008.011127,0.242909
3008.942976,0.243512
3009.874826,0.243271
3010.806676,0.243958
3011.738526,0.243415
3012.670376,0.243751
3013.602225,0.243891
3014.534075,0.244764
3015.465925,0.244997
3016.397775,0.247186
3017.329624,0.248226
3018.261474,0.249296
3019.193324,0.249859
3020.125174,0.251892
3021.057024,0.251996
3021.988873,0.252883
3022.920723,0.254015
3023.852573,0.255918
3024.784423,0.256121
3025.716273,0.256748
3026.648122,0.257321
3027.579972,0.259136
3028.511822,0.259842
3029.443672,0.261387
3030.375522,0.261665
3031.307371,0.262826
3032.239221,0.263643
3033.171071,0.265184
3034.102921,0.264450
3035.034771,0.264766
3035.966620,0.265271
3036.898470,0.266945
3037.830320,0.267856
3038.762170,0.269929
3039.694019,0.270595
3040.625869,0.271933
3041.557719,0.272035
3042.489569,0.273644
3043.421419,0.274123
3044.353268,0.275774
3045.285118,0.276820
3046.216968,0.278780
3047.148818,0.279764
3048.080668,0.281806
3049.012517,0.283034
3049.944367,0.285149
3050.876217,0.285289
3051.808067,0.286509
3052.739917,0.287364
3053.671766,0.289332
3054.603616,0.290138
3055.535466,0.292125
3056.467316,0.293094
3057.399166,0.295061
3058.331015,0.295471
3059.262865,0.296705
3060.194715,0.298019
3061.126565,0.300368
3062.058414,0.301305
3062.990264,0.303392
3063.922114,0.304462
3064.853964,0.306996
3065.785814,0.308506
3066.717663,0.310080
3067.649513,0.310088
3068.581363,0.311780
3069.513213,0.311983
3070.445063,0.313937
3071.376912,0.315985
3072.308762,0.318565
3073.240612,0.319617
3074.172462,0.321971
3075.104312,0.323267
3076.036161,0.325661
3076.968011,0.326689
3077.899861,0.329106
3078.831711,0.330488
3079.763561,0.332749
3080.695410,0.333274
3081.627260,0.335045
3082.559110,0.336400
3083.490960,0.339268
3084.422809,0.341081
3085.354659,0.343495
3086.286509,0.345256
3087.218359,0.348457
3088.150209,0.349939
3089.082058,0.352609
3090.013908,0.354196
3090.945758,0.357201
3091.877608,0.358994
3092.809458,0.361465
3093.741307,0.363534
3094.673157,0.367358
3095.605007,0.369785
3096.536857,0.373209
3097.468707,0.375065
3098.400556,0.377642
3099.332406,0.379623
3100.264256,0.383340
3101.196106,0.385122
3102.127955,0.388011
3103.059805,0.390379
3103.991655,0.394029
3104.923505,0.395975
3105.855355,0.399649
3106.787204,0.402208
3107.719054,0.406093
3108.650904,0.408842
3109.582754,0.412021
3110.514604,0.414032
3111.446453,0.418431
3112.378303,0.421760
3113.310153,0.426063
3114.242003,0.429399
3115.173853,0.433619
3116.105702,0.436511
3117.037552,0.440944
3117.969402,0.443625
3118.901252,0.447767
3119.833102,0.451167
3120.764951,0.456104
3121.696801,0.459571
3122.628651,0.464986
3123.560501,0.469133
3124.492350,0.474026
3125.424200,0.476696
3126.356050,0.481843
3127.287900,0.485981
3128.219750,0.491370
3129.151599,0.495137
3130.083449,0.499791
3131.015299,0.503118
3131.947149,0.508806
3132.878999,0.513441
3133.810848,0.519235
3134.742698,0.522974
3135.674548,0.527318
3136.606398,0.530550
3137.538248,0.535973
3138.470097,0.539340
3139.401947,0.544418
3140.333797,0.548058
3141.265647,0.553413
3142.197497,0.558046
3143.129346,0.564426
3144.061196,0.567880
3144.993046,0.573035
3145.924896,0.576590
3146.856745,0.582309
3147.788595,0.586000
3148.720445,0.591273
3149.652295,0.595221
3150.584145,0.600469
3151.515994,0.603910
3152.447844,0.609980
3153.379694,0.613335
3154.311544,0.619190
3155.243394,0.623689
3156.175243,0.630585
3157.107093,0.635372
3158.038943,0.641984
3158.970793,0.646829
3159.902643,0.653682
3160.834492,0.657907
3161.766342,0.664640
3162.698192,0.669163
3163.630042,0.676170
3164.561892,0.681160
3165.493741,0.688281
3166.425591,0.692864
3167.357441,0.699076
3168.289291,0.704469
3169.221140,0.712082
3170.152990,0.717598
3171.084840,0.724331
3172.016690,0.728366
3172.948540,0.734939
3173.880389,0.739727
3174.812239,0.747814
3175.744089,0.752741
3176.675939,0.760065
3177.607789,0.764569
3178.539638,0.772023
3179.471488,0.777260
3180.403338,0.784115
3181.335188,0.786571
3182.267038,0.793710
3183.198887,0.797986
3184.130737,0.804229
3185.062587,0.808831
3185.994437,0.816741
3186.926287,0.819964
3187.858136,0.825599
3188.789986,0.829160
3189.721836,0.834475
3190.653686,0.838674
3191.585535,0.846645
3192.517385,0.850720
3193.449235,0.857290
3194.381085,0.861473
3195.312935,0.867406
3196.244784,0.870459
3197.176634,0.877910
3198.108484,0.881317
3199.040334,0.886809
3199.972184,0.890386
3200.904033,0.895605
3201.835883,0.895713
3202.767733,0.900592
3203.699583,0.902644
3204.631433,0.908038
3205.563282,0.910138
3206.495132,0.915625
3207.426982,0.916942
3208.358832,0.920441
3209.290682,0.921795
3210.222531,0.926529
3211.154381,0.927205
3212.086231,0.931186
3213.018081,0.930565
3213.949930,0.933269
3214.881780,0.934588
3215.813630,0.939235
3216.745480,0.938077
3217.677330,0.940665
3218.609179,0.941750
3219.541029,0.944707
3220.472879,0.943493
3221.404729,0.946119
3222.336579,0.945510
3223.268428,0.948537
3224.200278,0.946770
3225.132128,0.948775
3226.063978,0.946660
3226.995828,0.947068
3227.927677,0.944315
3228.859527,0.944394
3229.791377,0.942081
3230.723227,0.941659
3231.655076,0.936721
3232.586926,0.935277
3233.518776,0.928745
3234.450626,0.925295
3235.382476,0.918923
3236.314325,0.916304
3237.246175,0.910566
3238.178025,0.907003
3239.109875,0.899344
3240.041725,0.893830
3240.973574,0.885936
3241.905424,0.880901
3242.837274,0.873344
3243.769124,0.869474
3244.700974,0.862894
3245.632823,0.859981
3246.564673,0.853572
3247.496523,0.848068
3248.428373,0.840840
3249.360223,0.838288
3250.292072,0.833952
3251.223922,0.833262
3252.155772,0.829576
3253.087622,0.827434
3254.019471,0.822182
3254.951321,0.821764
3255.883171,0.818178
3256.815021,0.814078
3257.746871,0.808323
3258.678720,0.807594
3259.610570,0.802798
3260.542420,0.800344
3261.474270,0.797074
3262.406120,0.795126
3263.337969,0.788909
3264.269819,0.786187
3265.201669,0.781761
3266.133519,0.778756
3267.065369,0.772935
3267.997218,0.770038
3268.929068,0.765397
3269.860918,0.763261
3270.792768,0.758204
3271.724618,0.755682
3272.656467,0.751815
3273.588317,0.750108
3274.520167,0.746732
3275.452017,0.746451
3276.383866,0.742374
3277.315716,0.741157
3278.247566,0.738339
3279.179416,0.738059
3280.111266,0.736342
3281.043115,0.736134
3281.974965,0.732940
3282.906815,0.732008
3283.838665,0.729275
3284.770515,0.730187
3285.702364,0.729172
3286.634214,0.729553
3287.566064,0.728153
3288.497914,0.730333
3289.429764,0.729387
3290.361613,0.730326
3291.293463,0.729378
3292.225313,0.730017
3293.157163,0.728218
3294.089013,0.729012
3295.020862,0.729266
3295.952712,0.731668
3296.884562,0.731201
3297.816412,0.733647
3298.748261,0.734467
3299.680111,0.738286
3300.611961,0.739776
3301.543811,0.743289
3302.475661,0.744048
3303.407510,0.746739
3304.339360,0.747093
3305.271210,0.750702
3306.203060,0.751595
3307.134910,0.753887
3308.066759,0.756331
3308.998609,0.761626
3309.930459,0.763888
3310.862309,0.769053
3311.794159,0.772970
3312.726008,0.779851
3313.657858,0.783974
3314.589708,0.789516
3315.521558,0.791561
3316.453408,0.796119
3317.385257,0.800008
3318.317107,0.807031
3319.248957,0.811800
3320.180807,0.819457
3321.112656,0.824819
3322.044506,0.831212
3322.976356,0.834926
3323.908206,0.844662
3324.840056,0.851132
3325.771905,0.857451
3326.703755,0.863006
3327.635605,0.870507
3328.567455,0.875478
3329.499305,0.884702
3330.431154,0.891606
3331.363004,0.900714
3332.294854,0.905162
3333.226704,0.911636
3334.158554,0.916413
3335.090403,0.926852
3336.022253,0.933468
3336.954103,0.940647
3337.885953,0.944104
3338.817803,0.950438
3339.749652,0.954538
3340.681502,0.961752
3341.613352,0.967160
3342.545202,0.975392
3343.477051,0.978709
3344.408901,0.985400
3345.340751,0.989293
3346.272601,0.997865
3347.204451,1.001946
3348.136300,1.008759
3349.068150,1.011671
3350.000000,1.017689
3350.931850,1.020603
3351.863700,1.024964
3352.795549,1.027267
3353.727399,1.034482
3354.659249,1.038123
3355.591099,1.044896
3356.522949,1.046281
3357.454798,1.050047
3358.386648,1.050973
3359.318498,1.056599
3360.250348,1.056955
3361.182197,1.059836
3362.114047,1.061312
3363.045897,1.067115
3363.977747,1.066344
3364.909597,1.069306
3365.841446,1.069956
3366.773296,1.073546
3367.705146,1.071620
3368.636996,1.075221
3369.568846,1.075891
3370.500695,1.078049
3371.432545,1.075263
3372.364395,1.076687
3373.296245,1.075849
3374.228095,1.078296
3375.159944,1.076640
3376.091794,1.078867
3377.023644,1.077494
3377.955494,1.077704
3378.887344,1.073474
3379.819193,1.075476
3380.751043,1.075474
3381.682893,1.076379
3382.614743,1.072447
3383.546592,1.073932
3384.478442,1.074000
3385.410292,1.076331
3386.342142,1.072050
3387.273992,1.070898
3388.205841,1.068934
3389.137691,1.070521
3390.069541,1.066995
3391.001391,1.069399
3391.933241,1.070029
3392.865090,1.073113
3393.796940,1.071361
3394.728790,1.071335
3395.660640,1.069223
3396.592490,1.072519
3397.524339,1.074367
3398.456189,1.078785
3399.388039,1.077430
3400.319889,1.080176
3401.251739,1.081718
3402.183588,1.086200
3403.115438,1.084888
3404.047288,1.085079
3404.979138,1.082149
3405.910987,1.085225
3406.842837,1.086928
3407.774687,1.089845
3408.706537,1.088400
3409.638387,1.089468
3410.570236,1.087081
3411.502086,1.089375
3412.433936,1.087840
3413.365786,1.088378
3414.297636,1.083784
3415.229485,1.081212
3416.161335,1.077915
3417.093185,1.078507
3418.025035,1.074775
3418.956885,1.073397
3419.888734,1.069687
3420.820584,1.070980
3421.752434,1.067972
3422.684284,1.063719
3423.616134,1.054135
3424.547983,1.048534
3425.479833,1.042067
3426.411683,1.039379
3427.343533,1.034046
3428.275382,1.030266
3429.207232,1.023589
3430.139082,1.019261
3431.070932,1.011574
3432.002782,1.005219
3432.934631,0.996531
3433.866481,0.990975
3434.798331,0.983358
3435.730181,0.979231
3436.662031,0.971756
3437.593880,0.965313
3438.525730,0.955650
3439.457580,0.948462
3440.389430,0.939982
3441.321280,0.934289
3442.253129,0.925214
3443.184979,0.918700
3444.116829,0.911653
3445.048679,0.904154
3445.980529,0.894634
3446.912378,0.890130
3447.844228,0.884488
3448.776078,0.879369
3449.707928,0.866830
3450.639777,0.855918
3451.571627,0.849141
3452.503477,0.846847
3453.435327,0.841753
3454.367177,0.837131
3455.299026,0.829322
3456.230876,0.823616
3457.162726,0.817308
3458.094576,0.813007
3459.026426,0.806961
3459.958275,0.801216
3460.890125,0.793402
3461.821975,0.788014
3462.753825,0.781534
3463.685675,0.777080
3464.617524,0.769171
3465.549374,0.761733
3466.481224,0.754921
3467.413074,0.750835
3468.344924,0.744558
3469.276773,0.737843
3470.208623,0.728856
3471.140473,0.722897
3472.072323,0.716536
3473.004172,0.712732
3473.936022,0.706884
3474.867872,0.702566
3475.799722,0.696608
3476.731572,0.690444
3477.663421,0.683095
3478.595271,0.677932
3479.527121,0.671621
3480.458971,0.666518
3481.390821,0.660620
3482.322670,0.656064
3483.254520,0.649694
3484.186370,0.642389
3485.118220,0.633527
3486.050070,0.629189
3486.981919,0.624864
3487.913769,0.620283
3488.845619,0.613931
3489.777469,0.608160
3490.709318,0.600694
3491.641168,0.595385
3492.573018,0.591312
3493.504868,0.588359
3494.436718,0.583109
3495.368567,0.578677
3496.300417,0.573978
3497.232267,0.570741
3498.164117,0.565339
3499.095967,0.559781
3500.027816,0.553792
3500.959666,0.552087
3501.891516,0.550252
3502.823366,0.548343
3503.755216,0.544823
3504.687065,0.540443
3505.618915,0.531133
3506.550765,0.523499
3507.482615,0.519635
3508.414465,0.518556
3509.346314,0.517228
3510.278164,0.516369
3511.210014,0.511497
3512.141864,0.503483
3513.073713,0.496348
3514.005563,0.494232
3514.937413,0.491372
3515.869263,0.487997
3516.801113,0.484411
3517.732962,0.483294
3518.664812,0.482021
3519.596662,0.479815
3520.528512,0.475413
3521.460362,0.473556
3522.392211,0.472276
3523.324061,0.472411
3524.255911,0.471169
3525.187761,0.467566
3526.119611,0.461434
3527.051460,0.458580
3527.983310,0.456289
3528.915160,0.454190
3529.847010,0.449173
3530.778860,0.444364
3531.710709,0.439331
3532.642559,0.436889
3533.574409,0.435452
3534.506259,0.434465
3535.438108,0.433448
3536.369958,0.433630
3537.301808,0.432540
3538.233658,0.429120
3539.165508,0.422747
3540.097357,0.420447
3541.029207,0.420119
3541.961057,0.420988
3542.892907,0.420917
3543.824757,0.421203
3544.756606,0.422019
3545.688456,0.423072
3546.620306,0.420987
3547.552156,0.415987
3548.484006,0.408903
3549.415855,0.403284
3550.347705,0.398762
3551.279555,0.400089
3552.211405,0.402838
3553.143255,0.404404
3554.075104,0.401130
3555.006954,0.393949
3555.938804,0.388659
3556.870654,0.388686
3557.802503,0.389182
3558.734353,0.390455
3559.666203,0.390758
3560.598053,0.392266
3561.529903,0.394119
3562.461752,0.393682
3563.393602,0.391058
3564.325452,0.393447
3565.257302,0.398097
3566.189152,0.402623
3567.121001,0.406609
3568.052851,0.406314
3568.984701,0.390293
3569.916551,0.372877
3570.848401,0.358893
3571.780250,0.355278
3572.712100,0.361433
3573.643950,0.365904
3574.575800,0.366894
3575.507650,0.368288
3576.439499,0.367416
3577.371349,0.365624
3578.303199,0.364307
3579.235049,0.364188
3580.166898,0.362985
3581.098748,0.363326
3582.030598,0.362798
3582.962448,0.362337
3583.894298,0.363356
3584.826147,0.366864
3585.757997,0.370430
3586.689847,0.375732
3587.621697,0.381589
3588.553547,0.381251
3589.485396,0.364233
3590.417246,0.348220
3591.349096,0.337229
3592.280946,0.336914
3593.212796,0.347000
3594.144645,0.356078
3595.076495,0.358211
3596.008345,0.353435
3596.940195,0.349537
3597.872045,0.346171
3598.803894,0.340802
3599.735744,0.342908
3600.667594,0.344586
3601.599444,0.342414
3602.531293,0.340835
3603.463143,0.337418
3604.394993,0.333860
3605.326843,0.336233
3606.258693,0.341380
3607.190542,0.348545
3608.122392,0.355417
3609.054242,0.358283
3609.986092,0.349536
3610.917942,0.341240
3611.849791,0.333529
3612.781641,0.331851
3613.713491,0.343009
3614.645341,0.346990
3615.577191,0.333573
3616.509040,0.328797
3617.440890,0.332063
3618.372740,0.337505
3619.304590,0.345988
3620.236439,0.342980
3621.168289,0.328527
3622.100139,0.313346
3623.031989,0.303062
3623.963839,0.306913
3624.895688,0.316761
3625.827538,0.326656
3626.759388,0.333601
3627.691238,0.344422
3628.623088,0.355204
3629.554937,0.361787
3630.486787,0.350448
3631.418637,0.311617
3632.350487,0.281429
3633.282337,0.285169
3634.214186,0.302012
3635.146036,0.311730
3636.077886,0.307838
3637.009736,0.300075
3637.941586,0.301655
3638.873435,0.307534
3639.805285,0.309657
3640.737135,0.308006
3641.668985,0.308008
3642.600834,0.312520
3643.532684,0.316765
3644.464534,0.318529
3645.396384,0.320265
3646.328234,0.329548
3647.260083,0.345629
3648.191933,0.359459
3649.123783,0.359180
3650.055633,0.340383
3650.987483,0.323939
3651.919332,0.307789
3652.851182,0.285770
3653.783032,0.271327
3654.714882,0.273520
3655.646732,0.293011
3656.578581,0.309070
3657.510431,0.312285
3658.442281,0.297988
3659.374131,0.277491
3660.305981,0.275811
3661.237830,0.286692
3662.169680,0.291719
3663.101530,0.292719
3664.033380,0.293817
3664.965229,0.296608
3665.897079,0.299578
3666.828929,0.304189
3667.760779,0.310062
3668.692629,0.319541
3669.624478,0.331294
3670.556328,0.340370
3671.488178,0.328232
3672.420028,0.307688
3673.351878,0.289831
3674.283727,0.288866
3675.215577,0.315671
3676.147427,0.341570
3677.079277,0.327397
3678.011127,0.279556
3678.942976,0.252800
3679.874826,0.260506
3680.806676,0.276257
3681.738526,0.280199
3682.670376,0.276150
3683.602225,0.279742
3684.534075,0.288076
3685.465925,0.294421
3686.397775,0.298457
3687.329624,0.304661
3688.261474,0.316185
3689.193324,0.326314
3690.125174,0.322577
3691.057024,0.296125
3691.988873,0.272782
3692.920723,0.272819
3693.852573,0.265097
3694.784423,0.259066
3695.716273,0.269126
3696.648122,0.278578
3697.579972,0.281427
3698.511822,0.282907
3699.443672,0.282641
3700.375522,0.284685
3701.307371,0.291162
3702.239221,0.296269
3703.171071,0.294915
3704.102921,0.283913
3705.034771,0.269898
3705.966620,0.272210
3706.898470,0.281721
3707.830320,0.288630
3708.762170,0.295347
3709.694019,0.303857
3710.625869,0.311341
3711.557719,0.308801
3712.489569,0.294950
3713.421419,0.287561
3714.353268,0.273527
3715.285118,0.252789
3716.216968,0.254117
3717.148818,0.266907
3718.080668,0.274113
3719.012517,0.280828
3719.944367,0.286685
3720.876217,0.288462
3721.808067,0.285750
3722.739917,0.287381
3723.671766,0.292301
3724.603616,0.288510
3725.535466,0.278808
3726.467316,0.282829
3727.399166,0.287083
3728.331015,0.282129
3729.262865,0.273880
3730.194715,0.271891
3731.126565,0.283186
3732.058414,0.299279
3732.990264,0.311701
3733.922114,0.315956
3734.853964,0.303405
3735.785814,0.296802
3736.717663,0.304771
3737.649513,0.288409
3738.581363,0.263965
3739.513213,0.254393
3740.445063,0.259141
3741.376912,0.269735
3742.308762,0.281562
3743.240612,0.295329
3744.172462,0.305779
3745.104312,0.321498
3746.036161,0.324896
3746.968011,0.282488
3747.899861,0.243182
3748.831711,0.260571
3749.763561,0.293042
3750.695410,0.307873
3751.627260,0.296831
3752.559110,0.270286
3753.490960,0.262381
3754.422809,0.254135
3755.354659,0.233839
3756.286509,0.238822
3757.218359,0.259559
3758.150209,0.272314
3759.082058,0.272348
3760.013908,0.269868
3760.945758,0.272485
3761.877608,0.266091
3762.809458,0.250502
3763.741307,0.250943
3764.673157,0.264389
3765.605007,0.274794
3766.536857,0.279057
3767.468707,0.277749
3768.400556,0.268607
3769.332406,0.263686
3770.264256,0.271677
3771.196106,0.276349
3772.127955,0.264676
3773.059805,0.246137
3773.991655,0.244812
3774.923505,0.254017
3775.855355,0.260150
3776.787204,0.263321
3777.719054,0.266379
3778.650904,0.271228
3779.582754,0.276596
3780.514604,0.277758
3781.446453,0.269544
3782.378303,0.253232
3783.310153,0.247352
3784.242003,0.255398
3785.173853,0.262444
3786.105702,0.265103
3787.037552,0.261423
3787.969402,0.254316
3788.901252,0.252797
3789.833102,0.254934
3790.764951,0.256957
3791.696801,0.258743
3792.628651,0.259716
3793.560501,0.261385
3794.492350,0.264281
3795.424200,0.268696
3796.356050,0.275670
3797.287900,0.282593
3798.219750,0.282313
3799.151599,0.269753
3800.083449,0.263422
3801.015299,0.275739
3801.947149,0.290711
3802.878999,0.292801
3803.810848,0.265954
3804.742698,0.234285
3805.674548,0.234359
3806.606398,0.252408
3807.538248,0.268570
3808.470097,0.270351
3809.401947,0.249226
3810.333797,0.227835
3811.265647,0.233635
3812.197497,0.248729
3813.129346,0.258200
3814.061196,0.264394
3814.993046,0.272181
3815.924896,0.283405
3816.856745,0.291864
3817.788595,0.286233
3818.720445,0.260570
3819.652295,0.244436
3820.584145,0.262790
3821.515994,0.285221
3822.447844,0.286535
3823.379694,0.260252
3824.311544,0.228881
3825.243394,0.223501
3826.175243,0.240004
3827.107093,0.254108
3828.038943,0.259551
3828.970793,0.257035
3829.902643,0.250579
3830.834492,0.253209
3831.766342,0.264023
3832.698192,0.272438
3833.630042,0.273073
3834.561892,0.262729
3835.493741,0.261653
3836.425591,0.275471
3837.357441,0.281505
3838.289291,0.273427
3839.221140,0.275327
3840.152990,0.268723
3841.084840,0.244110
3842.016690,0.239045
3842.948540,0.242864
3843.880389,0.240447
3844.812239,0.244026
3845.744089,0.248874
3846.675939,0.242044
3847.607789,0.240087
3848.539638,0.250126
3849.471488,0.260840
3850.403338,0.271296
3851.335188,0.282227
3852.267038,0.293818
3853.198887,0.307743
3854.130737,0.314546
3855.062587,0.284171
3855.994437,0.245292
3856.926287,0.213196
3857.858136,0.204330
3858.789986,0.226669
3859.721836,0.241800
3860.653686,0.244287
3861.585535,0.253330
3862.517385,0.264957
3863.449235,0.272294
3864.381085,0.269831
3865.312935,0.265545
3866.244784,0.267738
3867.176634,0.260473
3868.108484,0.244079
3869.040334,0.248607
3869.972184,0.271102
3870.904033,0.283881
3871.835883,0.269370
3872.767733,0.238412
3873.699583,0.229325
3874.631433,0.244084
3875.563282,0.256242
3876.495132,0.250106
3877.426982,0.234186
3878.358832,0.236158
3879.290682,0.251776
3880.222531,0.266145
3881.154381,0.275283
3882.086231,0.274013
3883.018081,0.256171
3883.949930,0.241474
3884.881780,0.250400
3885.813630,0.264342
3886.745480,0.266469
3887.677330,0.258838
3888.609179,0.236402
3889.541029,0.226096
3890.472879,0.242566
3891.404729,0.259468
3892.336579,0.266948
3893.268428,0.262079
3894.200278,0.242931
3895.132128,0.232991
3896.063978,0.240468
3896.995828,0.248554
3897.927677,0.256197
3898.859527,0.266722
3899.791377,0.277142
3900.723227,0.282078
3901.655076,0.273337
3902.586926,0.258954
3903.518776,0.262469
3904.450626,0.262501
3905.382476,0.250229
3906.314325,0.246034
3907.246175,0.234168
3908.178025,0.227310
3909.109875,0.229775
3910.041725,0.234715
3910.973574,0.241321
3911.905424,0.244799
3912.837274,0.246060
3913.769124,0.247641
3914.700974,0.249982
3915.632823,0.253412
3916.564673,0.258091
3917.496523,0.261715
3918.428373,0.262223
3919.360223,0.256516
3920.292072,0.247256
3921.223922,0.246821
3922.155772,0.250596
3923.087622,0.247815
3924.019471,0.247410
3924.951321,0.253604
3925.883171,0.257035
3926.815021,0.253088
3927.746871,0.244759
3928.678720,0.242072
3929.610570,0.247060
3930.542420,0.253062
3931.474270,0.256269
3932.406120,0.256340
3933.337969,0.254873
3934.269819,0.251574
3935.201669,0.243600
3936.133519,0.238844
3937.065369,0.241186
3937.997218,0.243847
3938.929068,0.246201
3939.860918,0.248478
3940.792768,0.249898
3941.724618,0.251432
3942.656467,0.254543
3943.588317,0.257354
3944.520167,0.256687
3945.452017,0.249731
3946.383866,0.243876
3947.315716,0.246349
3948.247566,0.250820
3949.179416,0.254029
3950.111266,0.252305
3951.043115,0.248018
3951.974965,0.246176
3952.906815,0.243449
3953.838665,0.241567
3954.770515,0.244033
3955.702364,0.244748
3956.634214,0.244581
3957.566064,0.246158
3958.497914,0.247610
3959.429764,0.247777
3960.361613,0.246987
3961.293463,0.247270
3962.225313,0.248543
3963.157163,0.248474
3964.089013,0.247978
3965.020862,0.245879
3965.952712,0.244743
3966.884562,0.245906
3967.816412,0.247128
3968.748261,0.247602
3969.680111,0.248054
3970.611961,0.248120
3971.543811,0.248278
3972.475661,0.247332
3973.407510,0.247470
3974.339360,0.248894
3975.271210,0.249571
3976.203060,0.248103
3977.134910,0.247257
3978.066759,0.246770
3978.998609,0.245224
3979.930459,0.244246
3980.862309,0.245486
3981.794159,0.246108
3982.726008,0.246159
3983.657858,0.245975
3984.589708,0.245470
3985.521558,0.245003
3986.453408,0.245463
3987.385257,0.245123
3988.317107,0.244788
3989.248957,0.245166
3990.180807,0.245739
3991.112656,0.246144
3992.044506,0.246874
3992.976356,0.246455
3993.908206,0.245459
3994.840056,0.244917
3995.771905,0.245406
3996.703755,0.245528
3997.635605,0.244762
3998.567455,0.242891
3999.499305,0.243010
4000.431154,0.243593
